<?xml version="1.0" encoding="UTF-8" standalone="yes"?><manifest xmlns="http://begrep.difi.no/sdp/schema_v10"><mottaker><person><personidentifikator>01043100358</personidentifikator><postkasseadresse>dangfart.utnes#97VW</postkasseadresse></person></mottaker><avsender><organisasjon authority="iso6523-actorid-upis">9908:991825827</organisasjon></avsender><hoveddokument href="hoveddokument.txt" mime="text/plain"><tittel lang="NO">Eksempel AsiC pakke</tittel></hoveddokument><vedlegg href="ts_103174v020201p.pdf" mime="application/pdf"><tittel lang="NO">ts_103174v020201p.pdf</tittel></vedlegg><vedlegg href="ts_101903v010402p.pdf" mime="application/pdf"><tittel lang="NO">ts_101903v010402p.pdf</tittel></vedlegg><vedlegg href="ts_103171v020101p.pdf" mime="application/pdf"><tittel lang="NO">ts_103171v020101p.pdf</tittel></vedlegg><vedlegg href="ts_102918v010301p.pdf" mime="application/pdf"><tittel lang="NO">ts_102918v010301p.pdf</tittel></vedlegg></manifest>