<?xml version="1.0" encoding="UTF-8" standalone="yes"?><manifest xmlns="http://begrep.difi.no/sdp/schema_v10"><mottaker><person><personidentifikator>04036125433</personidentifikator><postkasseadresse>ove.jonsen#6K5a</postkasseadresse></person></mottaker><avsender><organisasjon authority="iso6523-actorid-upis">9908:991825827</organisasjon></avsender><hoveddokument href="ts_101903v010402p.pdf" mime="application/pdf"><tittel lang="NO">Standarden Electronic Signatures and Infrastructures (ESI); Associated Signature Containers (ASiC)</tittel></hoveddokument></manifest>