<?xml version="1.0" encoding="UTF-8"?>
<sdp:Manifest 
	xmlns:sbdh="http://www.unece.org/cefact/namespaces/StandardBusinessDocumentHeader"
	xmlns:sdp="http://begrep.difi.no/sdp/schema">
	
	<sbdh:DocumentIdentification> <!-- Unik identifikator i "Sender" sitt scope -->
		<sbdh:Standard>urn:org:grinde:sdp:1.0</sbdh:Standard>
		<sbdh:TypeVersion>1.0</sbdh:TypeVersion>
		<sbdh:InstanceIdentifier>5c0780fa-b99c-4e6b-8316-b3e2c5286ece</sbdh:InstanceIdentifier> <!-- Dette er den reelle unike identifikatoren i SDBH - bør vera GUID! -->
		<sbdh:Type>Sikkerpost</sbdh:Type>
		<sbdh:CreationDateAndTime>2014-03-19T11:13:10Z</sbdh:CreationDateAndTime>
	</sbdh:DocumentIdentification>
	<sdp:Dokument href="hoveddokument.txt" media="all" mime="text/plain">
		<sdp:Tittel>
			<sdp:Tekst lang="no">Hoveddokument</sdp:Tekst>			
		</sdp:Tittel> 			
	</sdp:Dokument>
	<sdp:VedleggsListe>
		<sdp:Dokument href="ts_102918v010301p.pdf" media="all" mime="application/pdf">
			<sdp:Tittel>
				<sdp:Tekst lang="en">Electronic Signatures and Infrastructures (ESI); Associated Signature Containers (ASiC)</sdp:Tekst>
			</sdp:Tittel> 			
		</sdp:Dokument>
		<sdp:Dokument href="ts_103174v020201p.pdf" media="all" mime="application/pdf">
			<sdp:Tittel>
				<sdp:Tekst lang="en">Electronic Signatures and Infrastructures (ESI); ASiC Baseline Profile</sdp:Tekst>
			</sdp:Tittel> 			
		</sdp:Dokument>
		<sdp:Dokument href="ts_101903v010402p.pdf" media="all" mime="application/pdf">
			<sdp:Tittel>
				<sdp:Tekst lang="en">Electronic Signatures and Infrastructures (ESI); XML Advanced Electronic Signatures (XAdES)</sdp:Tekst>
			</sdp:Tittel> 			
		</sdp:Dokument>
		<sdp:Dokument href="ts_103171v020101p.pdf" media="all" mime="application/pdf">
			<sdp:Tittel>
				<sdp:Tekst lang="en">Electronic Signatures and Infrastructures (ESI); XAdES Baseline Profile</sdp:Tekst>
			</sdp:Tittel> 			
		</sdp:Dokument>
	</sdp:VedleggsListe>
</sdp:Manifest>